nuclides,reactions,groups,xs
H1,"(n,gamma)",1,4.2705530354218725e-05
H1,"(n,2n)",1,0.0
H1,"(n,p)",1,0.0
H1,"(n,a)",1,0.0
H1,"(n,3n)",1,0.0
H1,"(n,4n)",1,0.0
H2,"(n,gamma)",1,5.341012108673149e-06
H2,"(n,2n)",1,0.01970854929294131
H2,"(n,p)",1,0.0
H2,"(n,a)",1,0.0
H2,"(n,3n)",1,0.0
H2,"(n,4n)",1,0.0
H3,"(n,gamma)",1,0.0
H3,"(n,2n)",1,0.005463578059631476
H3,"(n,p)",1,0.0
H3,"(n,a)",1,0.0
H3,"(n,3n)",1,0.0
H3,"(n,4n)",1,0.0
He3,"(n,gamma)",1,5.352211375845773e-05
He3,"(n,2n)",1,0.0
He3,"(n,p)",1,0.9085936407830711
He3,"(n,a)",1,0.0
He3,"(n,3n)",1,0.0
He3,"(n,4n)",1,0.0
He4,"(n,gamma)",1,0.0
He4,"(n,2n)",1,0.0
He4,"(n,p)",1,0.0
He4,"(n,a)",1,0.0
He4,"(n,3n)",1,0.0
He4,"(n,4n)",1,0.0
Li6,"(n,gamma)",1,1.2325292631908048e-05
Li6,"(n,2n)",1,0.0
Li6,"(n,p)",1,0.0018997922240544666
Li6,"(n,a)",1,0.0
Li6,"(n,3n)",1,0.0
Li6,"(n,4n)",1,0.0
Li7,"(n,gamma)",1,9.424913095121984e-06
Li7,"(n,2n)",1,0.0034395421659354324
Li7,"(n,p)",1,0.0
Li7,"(n,a)",1,0.0
Li7,"(n,3n)",1,0.0
Li7,"(n,4n)",1,0.0
Be9,"(n,gamma)",1,2.924544742400028e-06
Be9,"(n,2n)",1,0.0763384004110141
Be9,"(n,p)",1,8.337268220688854e-07
Be9,"(n,a)",1,0.008026295298349317
Be9,"(n,3n)",1,0.0
Be9,"(n,4n)",1,0.0
B10,"(n,gamma)",1,8.59551884952812e-05
B10,"(n,2n)",1,0.0
B10,"(n,p)",1,0.006370590294815451
B10,"(n,a)",1,0.6997776869500606
B10,"(n,3n)",1,0.0
B10,"(n,4n)",1,0.0
B11,"(n,gamma)",1,5.888297809035314e-06
B11,"(n,2n)",1,0.001871638996786362
B11,"(n,p)",1,0.0005526081578964786
B11,"(n,a)",1,0.0034851530427347675
B11,"(n,3n)",1,0.0
B11,"(n,4n)",1,0.0
C12,"(n,gamma)",1,4.1476159702133076e-05
C12,"(n,2n)",1,0.0
C12,"(n,p)",1,0.0
C12,"(n,a)",1,0.00806282136914571
C12,"(n,3n)",1,0.0
C12,"(n,4n)",1,0.0
C13,"(n,gamma)",1,1.1832389026669205e-05
C13,"(n,2n)",1,0.0
C13,"(n,p)",1,0.0
C13,"(n,a)",1,0.0037019080988788585
C13,"(n,3n)",1,0.0
C13,"(n,4n)",1,0.0
N14,"(n,gamma)",1,3.287047341299066e-05
N14,"(n,2n)",1,0.0006651632712805797
N14,"(n,p)",1,0.03076641173492457
N14,"(n,a)",1,0.028219841257410255
N14,"(n,3n)",1,0.0
N14,"(n,4n)",1,0.0
N15,"(n,gamma)",1,1.6176256366611397e-05
N15,"(n,2n)",1,0.011517377044244818
N15,"(n,p)",1,0.00211456988076299
N15,"(n,a)",1,0.007505926410112157
N15,"(n,3n)",1,0.0
N15,"(n,4n)",1,0.0
O16,"(n,gamma)",1,0.00010055530714701725
O16,"(n,2n)",1,0.0
O16,"(n,p)",1,0.004350946049875092
O16,"(n,a)",1,0.021921681296777722
O16,"(n,3n)",1,0.0
O16,"(n,4n)",1,0.0
O17,"(n,gamma)",1,0.00013501548786843304
O17,"(n,2n)",1,0.0070300737192419225
O17,"(n,p)",1,0.004399611181506036
O17,"(n,a)",1,0.0855166142657574
O17,"(n,3n)",1,0.0
O17,"(n,4n)",1,0.0
O18,"(n,gamma)",1,0.00016783231614858358
O18,"(n,2n)",1,0.04737947691142858
O18,"(n,p)",1,8.87476596246455e-05
O18,"(n,a)",1,0.0023397620207878515
O18,"(n,3n)",1,0.0005453593326669032
O18,"(n,4n)",1,0.0
F19,"(n,gamma)",1,0.0003708797674182577
F19,"(n,2n)",1,0.004327745598546185
F19,"(n,p)",1,0.002173065778766316
F19,"(n,a)",1,0.00806394652301957
F19,"(n,3n)",1,0.0
F19,"(n,4n)",1,0.0
Ne20,"(n,gamma)",1,7.52430281473547e-05
Ne20,"(n,2n)",1,0.0
Ne20,"(n,p)",1,0.009730979572169663
Ne20,"(n,a)",1,0.040722716179615356
Ne20,"(n,3n)",1,0.0
Ne20,"(n,4n)",1,0.0
Ne21,"(n,gamma)",1,0.00018007857300620983
Ne21,"(n,2n)",1,0.0506140256549994
Ne21,"(n,p)",1,0.0038365166702065594
Ne21,"(n,a)",1,0.0186089210191209
Ne21,"(n,3n)",1,0.0
Ne21,"(n,4n)",1,0.0
Ne22,"(n,gamma)",1,9.126765713926263e-06
Ne22,"(n,2n)",1,0.043641898706423196
Ne22,"(n,p)",1,0.00048117965349422725
Ne22,"(n,a)",1,0.0038560227782339558
Ne22,"(n,3n)",1,0.0
Ne22,"(n,4n)",1,0.0
Na23,"(n,gamma)",1,0.0003894940880356963
Na23,"(n,2n)",1,0.00286271814517769
Na23,"(n,p)",1,0.00670303745028853
Na23,"(n,a)",1,0.015373622270230605
Na23,"(n,3n)",1,0.0
Na23,"(n,4n)",1,0.0
Mg24,"(n,gamma)",1,0.0010544769048954055
Mg24,"(n,2n)",1,0.0
Mg24,"(n,p)",1,0.021524475940883966
Mg24,"(n,a)",1,0.01819435293666228
Mg24,"(n,3n)",1,0.0
Mg24,"(n,4n)",1,0.0
Mg25,"(n,gamma)",1,0.0025789902098227488
Mg25,"(n,2n)",1,0.07642887795821733
Mg25,"(n,p)",1,0.005832656762326338
Mg25,"(n,a)",1,0.017007577678035405
Mg25,"(n,3n)",1,0.0
Mg25,"(n,4n)",1,0.0
Mg26,"(n,gamma)",1,0.00031363435109074656
Mg26,"(n,2n)",1,0.04401546621148437
Mg26,"(n,p)",1,0.00351269029549087
Mg26,"(n,a)",1,0.009086262605868227
Mg26,"(n,3n)",1,0.0
Mg26,"(n,4n)",1,0.0
Al27,"(n,gamma)",1,0.0006075741221126011
Al27,"(n,2n)",1,0.0008870973788319156
Al27,"(n,p)",1,0.008809602193063246
Al27,"(n,a)",1,0.013158050229736953
Al27,"(n,3n)",1,0.0
Al27,"(n,4n)",1,0.0
Si28,"(n,gamma)",1,0.00028531912035413635
Si28,"(n,2n)",1,0.0
Si28,"(n,p)",1,0.031222132773957106
Si28,"(n,a)",1,0.019587764836171067
Si28,"(n,3n)",1,0.0
Si28,"(n,4n)",1,0.0
Si29,"(n,gamma)",1,0.00021209707292503793
Si29,"(n,2n)",1,0.02911536702073132
Si29,"(n,p)",1,0.016044631482102514
Si29,"(n,a)",1,0.020095801143650262
Si29,"(n,3n)",1,0.0
Si29,"(n,4n)",1,0.0
Si30,"(n,gamma)",1,0.000329183927953
Si30,"(n,2n)",1,0.04231975035251713
Si30,"(n,p)",1,0.0038334640046403285
Si30,"(n,a)",1,0.008670099007599553
Si30,"(n,3n)",1,0.0
Si30,"(n,4n)",1,0.0
Si31,"(n,gamma)",1,0.001559832829591123
Si31,"(n,2n)",1,0.11105522674486755
Si31,"(n,p)",1,0.0007152287032050247
Si31,"(n,a)",1,0.002302635724309441
Si31,"(n,3n)",1,0.0
Si31,"(n,4n)",1,0.0
Si32,"(n,gamma)",1,0.0005798822582652054
Si32,"(n,2n)",1,0.0736846059933148
Si32,"(n,p)",1,1.1210709158739655e-05
Si32,"(n,a)",1,0.00034866927542457965
Si32,"(n,3n)",1,0.0
Si32,"(n,4n)",1,0.0
P31,"(n,gamma)",1,0.002000957241022054
P31,"(n,2n)",1,0.001201884189490641
P31,"(n,p)",1,0.015425526853927224
P31,"(n,a)",1,0.012851386878862229
P31,"(n,3n)",1,0.0
P31,"(n,4n)",1,0.0
S32,"(n,gamma)",1,0.0005607203025238449
S32,"(n,2n)",1,0.0
S32,"(n,p)",1,0.0405620394562563
S32,"(n,a)",1,0.037989386080798104
S32,"(n,3n)",1,0.0
S32,"(n,4n)",1,0.0
S33,"(n,gamma)",1,0.00023670177556861673
S33,"(n,2n)",1,0.017379549809605828
S33,"(n,p)",1,0.04340487797037292
S33,"(n,a)",1,0.17238693277949324
S33,"(n,3n)",1,0.0
S33,"(n,4n)",1,0.0
S34,"(n,gamma)",1,0.0004220993053557638
S34,"(n,2n)",1,0.025762528762477695
S34,"(n,p)",1,0.011383197256106977
S34,"(n,a)",1,0.007119740119625005
S34,"(n,3n)",1,0.0
S34,"(n,4n)",1,0.0
S35,"(n,gamma)",1,0.001776506481762465
S35,"(n,2n)",1,0.09349080671850571
S35,"(n,p)",1,0.0041519558018971205
S35,"(n,a)",1,0.007757569277056322
S35,"(n,3n)",1,0.0
S35,"(n,4n)",1,0.0
S36,"(n,gamma)",1,0.00020350728596525838
S36,"(n,2n)",1,0.05882713790758454
S36,"(n,p)",1,0.000157756334375676
S36,"(n,a)",1,0.0009574377890045577
S36,"(n,3n)",1,0.0
S36,"(n,4n)",1,0.0
Cl35,"(n,gamma)",1,0.0004763002539439967
Cl35,"(n,2n)",1,0.00035978245073937167
Cl35,"(n,p)",1,0.047193247202818055
Cl35,"(n,a)",1,0.02042947776143792
Cl35,"(n,3n)",1,0.0
Cl35,"(n,4n)",1,0.0
Cl36,"(n,gamma)",1,0.058452341613954545
Cl36,"(n,2n)",1,0.038687306824430945
Cl36,"(n,p)",1,0.08783759156814144
Cl36,"(n,a)",1,0.032039319768403456
Cl36,"(n,3n)",1,0.0
Cl36,"(n,4n)",1,0.0
Cl37,"(n,gamma)",1,0.0006188676472162618
Cl37,"(n,2n)",1,0.044680246118684014
Cl37,"(n,p)",1,0.002574764288087727
Cl37,"(n,a)",1,0.004217274719197449
Cl37,"(n,3n)",1,0.0
Cl37,"(n,4n)",1,0.0
Ar36,"(n,gamma)",1,0.0028917054649302797
Ar36,"(n,2n)",1,0.0
Ar36,"(n,p)",1,0.07541961146744672
Ar36,"(n,a)",1,0.03534873531389713
Ar36,"(n,3n)",1,0.0
Ar36,"(n,4n)",1,0.0
Ar38,"(n,gamma)",1,0.0006378681567393748
Ar38,"(n,2n)",1,0.024409491229132437
Ar38,"(n,p)",1,0.008992088770989597
Ar38,"(n,a)",1,0.004888770924608472
Ar38,"(n,3n)",1,0.0
Ar38,"(n,4n)",1,0.0
Ar39,"(n,gamma)",1,0.002933245377752004
Ar39,"(n,2n)",1,0.07326113890453859
Ar39,"(n,p)",1,0.006495623898176283
Ar39,"(n,a)",1,0.02308226475725974
Ar39,"(n,3n)",1,0.0
Ar39,"(n,4n)",1,0.0
Ar40,"(n,gamma)",1,0.00020966930982561815
Ar40,"(n,2n)",1,0.06256859326476691
Ar40,"(n,p)",1,0.0015043011255397238
Ar40,"(n,a)",1,0.0012570080929420794
Ar40,"(n,3n)",1,0.0
Ar40,"(n,4n)",1,0.0
Ar41,"(n,gamma)",1,0.0037086367157542375
Ar41,"(n,2n)",1,0.11003606649121118
Ar41,"(n,p)",1,0.0015186914711622717
Ar41,"(n,a)",1,0.0006382622247993455
Ar41,"(n,3n)",1,0.0
Ar41,"(n,4n)",1,0.0
K41,"(n,gamma)",1,0.003435083435558313
K41,"(n,2n)",1,0.0037014075733459045
K41,"(n,p)",1,0.005768236296207413
K41,"(n,a)",1,0.003467687669661806
K41,"(n,3n)",1,0.0
K41,"(n,4n)",1,0.0
Ca41,"(n,gamma)",1,0.00609334084475952
Ca41,"(n,2n)",1,0.019383233825548716
Ca41,"(n,p)",1,0.053622473268033745
Ca41,"(n,a)",1,0.14284198730107586
Ca41,"(n,3n)",1,0.0
Ca41,"(n,4n)",1,0.0
Ca42,"(n,gamma)",1,0.002805979213478459
Ca42,"(n,2n)",1,0.02572239241594945
Ca42,"(n,p)",1,0.022428743214186874
Ca42,"(n,a)",1,0.00726748508060838
Ca42,"(n,3n)",1,0.0
Ca42,"(n,4n)",1,0.0
Ca43,"(n,gamma)",1,0.004453831878198555
Ca43,"(n,2n)",1,0.07419413598648354
Ca43,"(n,p)",1,0.011559889990056308
Ca43,"(n,a)",1,0.007284974427803036
Ca43,"(n,3n)",1,0.0
Ca43,"(n,4n)",1,0.0
Ca44,"(n,gamma)",1,0.0013089052239550762
Ca44,"(n,2n)",1,0.05390467800204211
Ca44,"(n,p)",1,0.004421541628378032
Ca44,"(n,a)",1,0.002311164571084256
Ca44,"(n,3n)",1,0.0
Ca44,"(n,4n)",1,0.0
Ca45,"(n,gamma)",1,0.002078240418243845
Ca45,"(n,2n)",1,0.09280835190462097
Ca45,"(n,p)",1,0.0032146956928377386
Ca45,"(n,a)",1,0.0013534603629737905
Ca45,"(n,3n)",1,0.0
Ca45,"(n,4n)",1,0.0
Ca46,"(n,gamma)",1,0.0007431993511593048
Ca46,"(n,2n)",1,0.0862854654382206
Ca46,"(n,p)",1,0.0007803567532231203
Ca46,"(n,a)",1,7.008226837694408e-05
Ca46,"(n,3n)",1,0.0
Ca46,"(n,4n)",1,0.0
Ca47,"(n,gamma)",1,0.0034950728777483828
Ca47,"(n,2n)",1,0.11229737588926426
Ca47,"(n,p)",1,0.0008109290310176925
Ca47,"(n,a)",1,2.3973261173114743e-05
Ca47,"(n,3n)",1,0.0
Ca47,"(n,4n)",1,0.0
Ca48,"(n,gamma)",1,0.000295190850366225
Ca48,"(n,2n)",1,0.1020342353682239
Ca48,"(n,p)",1,2.538532743527915e-06
Ca48,"(n,a)",1,1.103490045916108e-06
Ca48,"(n,3n)",1,0.0
Ca48,"(n,4n)",1,0.0
Sc45,"(n,gamma)",1,0.0077747491870827174
Sc45,"(n,2n)",1,0.02586345984093151
Sc45,"(n,p)",1,0.014487759315847963
Sc45,"(n,a)",1,0.004728009782861047
Sc45,"(n,3n)",1,0.0
Sc45,"(n,4n)",1,0.0
Ti46,"(n,gamma)",1,0.005197772674706964
Ti46,"(n,2n)",1,0.0020931847063704163
Ti46,"(n,p)",1,0.03401255383417428
Ti46,"(n,a)",1,0.00996137227544247
Ti46,"(n,3n)",1,0.0
Ti46,"(n,4n)",1,0.0
Ti47,"(n,gamma)",1,0.01037422348116798
Ti47,"(n,2n)",1,0.06512176074835935
Ti47,"(n,p)",1,0.020437828784600973
Ti47,"(n,a)",1,0.011162435141134157
Ti47,"(n,3n)",1,0.0
Ti47,"(n,4n)",1,0.0
Ti48,"(n,gamma)",1,0.004673123046420974
Ti48,"(n,2n)",1,0.0404113687101066
Ti48,"(n,p)",1,0.00641114931233352
Ti48,"(n,a)",1,0.002885623773665821
Ti48,"(n,3n)",1,0.0
Ti48,"(n,4n)",1,0.0
Ti49,"(n,gamma)",1,0.003059191689896147
Ti49,"(n,2n)",1,0.06632874582515298
Ti49,"(n,p)",1,0.005765673733320771
Ti49,"(n,a)",1,0.0012758399078861185
Ti49,"(n,3n)",1,0.0
Ti49,"(n,4n)",1,0.0
Ti50,"(n,gamma)",1,0.0003729571795721913
Ti50,"(n,2n)",1,0.07155313847179923
Ti50,"(n,p)",1,0.0011973707257156943
Ti50,"(n,a)",1,0.0007774073766467388
Ti50,"(n,3n)",1,0.0
Ti50,"(n,4n)",1,0.0
V49,"(n,gamma)",1,0.014223305779788743
V49,"(n,2n)",1,0.017819880760098845
V49,"(n,p)",1,0.046101492029520186
V49,"(n,a)",1,0.013229452828504558
V49,"(n,3n)",1,0.0
V49,"(n,4n)",1,0.0
V50,"(n,gamma)",1,0.0022407685823385977
V50,"(n,2n)",1,0.07021155235100748
V50,"(n,p)",1,0.010525318581494877
V50,"(n,a)",1,0.004074496198953501
V50,"(n,3n)",1,0.0
V50,"(n,4n)",1,0.0
V51,"(n,gamma)",1,0.0035388401668883995
V51,"(n,2n)",1,0.05741452409798779
V51,"(n,p)",1,0.0034849568754770056
V51,"(n,a)",1,0.0016340471251225833
V51,"(n,3n)",1,0.0
V51,"(n,4n)",1,0.0
Cr50,"(n,gamma)",1,0.0014657208119523766
Cr50,"(n,2n)",1,0.0013446768522384345
Cr50,"(n,p)",1,0.051110372090988905
Cr50,"(n,a)",1,0.010702170443737632
Cr50,"(n,3n)",1,0.0
Cr50,"(n,4n)",1,0.0
Cr51,"(n,gamma)",1,0.04017410299782882
Cr51,"(n,2n)",1,0.04650455191510751
Cr51,"(n,p)",1,0.07554216778353996
Cr51,"(n,a)",1,0.009919087630396131
Cr51,"(n,3n)",1,0.0
Cr51,"(n,4n)",1,0.0
Cr52,"(n,gamma)",1,0.025785826659840298
Cr52,"(n,2n)",1,0.028555680602470202
Cr52,"(n,p)",1,0.009656282489013611
Cr52,"(n,a)",1,0.003262781587049864
Cr52,"(n,3n)",1,0.0
Cr52,"(n,4n)",1,0.0
Cr53,"(n,gamma)",1,0.003245780557213335
Cr53,"(n,2n)",1,0.09791109367499469
Cr53,"(n,p)",1,0.004654137099152107
Cr53,"(n,a)",1,0.0031350730495943446
Cr53,"(n,3n)",1,0.0
Cr53,"(n,4n)",1,0.0
Cr54,"(n,gamma)",1,0.004334542947563258
Cr54,"(n,2n)",1,0.10039491436810367
Cr54,"(n,p)",1,0.0013323670735435039
Cr54,"(n,a)",1,0.0011972109817295078
Cr54,"(n,3n)",1,0.0
Cr54,"(n,4n)",1,0.0
Mn54,"(n,gamma)",1,0.02710246666651953
Mn54,"(n,2n)",1,0.08687120847487548
Mn54,"(n,p)",1,0.02421807049043437
Mn54,"(n,a)",1,0.0049446252246326166
Mn54,"(n,3n)",1,0.0
Mn54,"(n,4n)",1,0.0
Mn55,"(n,gamma)",1,0.00346329786810081
Mn55,"(n,2n)",1,0.07256749724912723
Mn55,"(n,p)",1,0.004952023044916017
Mn55,"(n,a)",1,0.00015002268153511156
Mn55,"(n,3n)",1,0.0
Mn55,"(n,4n)",1,0.0
Fe54,"(n,gamma)",1,0.0020702483898793482
Fe54,"(n,2n)",1,0.00022945987216399548
Fe54,"(n,p)",1,0.05644171229767752
Fe54,"(n,a)",1,0.0005698758638241152
Fe54,"(n,3n)",1,0.0
Fe54,"(n,4n)",1,0.0
Fe55,"(n,gamma)",1,0.010017269264592305
Fe55,"(n,2n)",1,0.040449726916287766
Fe55,"(n,p)",1,0.04146540440434164
Fe55,"(n,a)",1,0.011279622999244156
Fe55,"(n,3n)",1,0.0
Fe55,"(n,4n)",1,0.0
Fe56,"(n,gamma)",1,0.007905310877708698
Fe56,"(n,2n)",1,0.04430704373523522
Fe56,"(n,p)",1,0.012317845221927913
Fe56,"(n,a)",1,0.00039862982521265657
Fe56,"(n,3n)",1,0.0
Fe56,"(n,4n)",1,0.0
Fe57,"(n,gamma)",1,0.002581758456831901
Fe57,"(n,2n)",1,0.10513842133614229
Fe57,"(n,p)",1,0.0057135745801133175
Fe57,"(n,a)",1,0.0005327873186656845
Fe57,"(n,3n)",1,0.0
Fe57,"(n,4n)",1,0.0
Fe58,"(n,gamma)",1,0.003966707627291497
Fe58,"(n,2n)",1,0.08974361256542639
Fe58,"(n,p)",1,0.0035275795833232164
Fe58,"(n,a)",1,0.00017316807429493158
Fe58,"(n,3n)",1,0.0
Fe58,"(n,4n)",1,0.0
Co58,"(n,gamma)",1,0.015355539813309622
Co58,"(n,2n)",1,0.0748890478540421
Co58,"(n,p)",1,0.15415432552244696
Co58,"(n,a)",1,0.019805229468882666
Co58,"(n,3n)",1,0.0
Co58,"(n,4n)",1,0.0
Co59,"(n,gamma)",1,0.00646249204241518
Co59,"(n,2n)",1,0.07240482943763624
Co59,"(n,p)",1,0.005920446505432651
Co59,"(n,a)",1,0.0033067126751384754
Co59,"(n,3n)",1,0.0
Co59,"(n,4n)",1,0.0
Ni58,"(n,gamma)",1,0.006468478817361479
Ni58,"(n,2n)",1,0.0025793565962307714
Ni58,"(n,p)",1,0.06333554107389032
Ni58,"(n,a)",1,0.013200476092284546
Ni58,"(n,3n)",1,0.0
Ni58,"(n,4n)",1,0.0
Ni59,"(n,gamma)",1,0.008719890131852114
Ni59,"(n,2n)",1,0.038542020888302476
Ni59,"(n,p)",1,0.0626739873053719
Ni59,"(n,a)",1,0.02127868585271408
Ni59,"(n,3n)",1,0.0
Ni59,"(n,4n)",1,0.0
Ni60,"(n,gamma)",1,0.004465329753213432
Ni60,"(n,2n)",1,0.0380970392640327
Ni60,"(n,p)",1,0.017338097885182705
Ni60,"(n,a)",1,0.007344455330074517
Ni60,"(n,3n)",1,0.0
Ni60,"(n,4n)",1,0.0
Ni61,"(n,gamma)",1,0.007783262823129635
Ni61,"(n,2n)",1,0.09842093782882723
Ni61,"(n,p)",1,0.009752942050214286
Ni61,"(n,a)",1,0.007608520549699169
Ni61,"(n,3n)",1,0.0
Ni61,"(n,4n)",1,0.0
Ni62,"(n,gamma)",1,0.002153483543465144
Ni62,"(n,2n)",1,0.07903625772239668
Ni62,"(n,p)",1,0.003628949120829442
Ni62,"(n,a)",1,0.0019988665639904114
Ni62,"(n,3n)",1,0.0
Ni62,"(n,4n)",1,0.0
Ni63,"(n,gamma)",1,0.006502920985959159
Ni63,"(n,2n)",1,0.12443584619262968
Ni63,"(n,p)",1,0.0044634020383167074
Ni63,"(n,a)",1,0.003701309459854708
Ni63,"(n,3n)",1,0.0
Ni63,"(n,4n)",1,0.0
Ni64,"(n,gamma)",1,0.0020020551199420996
Ni64,"(n,2n)",1,0.10438835721911154
Ni64,"(n,p)",1,0.0006423796670777063
Ni64,"(n,a)",1,0.00041979367657651455
Ni64,"(n,3n)",1,0.0
Ni64,"(n,4n)",1,0.0
Cu63,"(n,gamma)",1,0.015407412163302494
Cu63,"(n,2n)",1,0.04424623195478997
Cu63,"(n,p)",1,0.011366155046883314
Cu63,"(n,a)",1,0.004875520893589599
Cu63,"(n,3n)",1,0.0
Cu63,"(n,4n)",1,0.0
Cu64,"(n,gamma)",1,0.016419519629293788
Cu64,"(n,2n)",1,0.1039894032617477
Cu64,"(n,p)",1,0.03879064928355654
Cu64,"(n,a)",1,0.006011788708494384
Cu64,"(n,3n)",1,0.0
Cu64,"(n,4n)",1,0.0
Cu65,"(n,gamma)",1,0.007914957454932082
Cu65,"(n,2n)",1,0.08954037795925754
Cu65,"(n,p)",1,0.002308521491408221
Cu65,"(n,a)",1,0.0015688437352567568
Cu65,"(n,3n)",1,0.0
Cu65,"(n,4n)",1,0.0
Zn64,"(n,gamma)",1,0.01454971057466406
Zn64,"(n,2n)",1,0.011840618394300405
Zn64,"(n,p)",1,0.026600552434770355
Zn64,"(n,a)",1,0.012929452996774296
Zn64,"(n,3n)",1,0.0
Zn64,"(n,4n)",1,0.0
Zn65,"(n,gamma)",1,0.02988899857424996
Zn65,"(n,2n)",1,0.10166970998111578
Zn65,"(n,p)",1,0.029299709612540973
Zn65,"(n,a)",1,0.038062081920748156
Zn65,"(n,3n)",1,0.0
Zn65,"(n,4n)",1,0.0
Zn66,"(n,gamma)",1,0.01745996713488851
Zn66,"(n,2n)",1,0.06723116354529214
Zn66,"(n,p)",1,0.006558587687369851
Zn66,"(n,a)",1,0.003715589887653586
Zn66,"(n,3n)",1,0.0
Zn66,"(n,4n)",1,0.0
Zn67,"(n,gamma)",1,0.024595081995607927
Zn67,"(n,2n)",1,0.12607952248349216
Zn67,"(n,p)",1,0.004886657586506102
Zn67,"(n,a)",1,0.002334772904740387
Zn67,"(n,3n)",1,0.0
Zn67,"(n,4n)",1,0.0
Zn68,"(n,gamma)",1,0.008744863405209694
Zn68,"(n,2n)",1,0.10135127301095793
Zn68,"(n,p)",1,0.0024580272810026224
Zn68,"(n,a)",1,0.000977061947185299
Zn68,"(n,3n)",1,0.0
Zn68,"(n,4n)",1,0.0
Se82,"(n,gamma)",1,0.013804543648164073
Se82,"(n,2n)",1,0.11755602625351715
Se82,"(n,p)",1,0.0001938507618143151
Se82,"(n,a)",1,1.987046792052925e-05
Se82,"(n,3n)",1,0.0
Se82,"(n,4n)",1,0.0
Kr83,"(n,gamma)",1,0.045251089931596586
Kr83,"(n,2n)",1,0.14710396659202624
Kr83,"(n,p)",1,0.0014399279936254787
Kr83,"(n,a)",1,0.0002959707279933958
Kr83,"(n,3n)",1,0.0
Kr83,"(n,4n)",1,0.0
Kr84,"(n,gamma)",1,0.01305206812827667
Kr84,"(n,2n)",1,0.10164499498324411
Kr84,"(n,p)",1,0.0008759079928033471
Kr84,"(n,a)",1,0.0002911300481818476
Kr84,"(n,3n)",1,0.0
Kr84,"(n,4n)",1,0.0
Kr85,"(n,gamma)",1,0.028552630917175525
Kr85,"(n,2n)",1,0.1346872174304403
Kr85,"(n,p)",1,0.0010195909748850654
Kr85,"(n,a)",1,0.0004920857356100538
Kr85,"(n,3n)",1,0.0
Kr85,"(n,4n)",1,0.0
Kr86,"(n,gamma)",1,0.0007982847593193803
Kr86,"(n,2n)",1,0.106379019378008
Kr86,"(n,p)",1,0.0006384778761582825
Kr86,"(n,a)",1,9.720438067453706e-05
Kr86,"(n,3n)",1,0.0
Kr86,"(n,4n)",1,0.0
Rb85,"(n,gamma)",1,0.04450824370697575
Rb85,"(n,2n)",1,0.10513520277692309
Rb85,"(n,p)",1,0.0019481579932773112
Rb85,"(n,a)",1,0.0006164949711860308
Rb85,"(n,3n)",1,0.0
Rb85,"(n,4n)",1,0.0
Rb86,"(n,gamma)",1,0.07354644418309138
Rb86,"(n,2n)",1,0.12682308879672444
Rb86,"(n,p)",1,0.003995882615118751
Rb86,"(n,a)",1,0.0013450302709733723
Rb86,"(n,3n)",1,0.0
Rb86,"(n,4n)",1,0.0
Rb87,"(n,gamma)",1,0.005046189105780469
Rb87,"(n,2n)",1,0.13314100843730564
Rb87,"(n,p)",1,0.001120008314226571
Rb87,"(n,a)",1,0.0003211186164809553
Rb87,"(n,3n)",1,0.0
Rb87,"(n,4n)",1,0.0
Sr85,"(n,gamma)",1,0.04902358153257489
Sr85,"(n,2n)",1,0.09357549978742447
Sr85,"(n,p)",1,0.009339998947601097
Sr85,"(n,a)",1,0.002821886020785701
Sr85,"(n,3n)",1,0.0
Sr85,"(n,4n)",1,0.0
Sr86,"(n,gamma)",1,0.026167477333488526
Sr86,"(n,2n)",1,0.08936185905180795
Sr86,"(n,p)",1,0.004733549188949578
Sr86,"(n,a)",1,0.0009174354958483773
Sr86,"(n,3n)",1,0.0
Sr86,"(n,4n)",1,0.0
Sr87,"(n,gamma)",1,0.015852235937585717
Sr87,"(n,2n)",1,0.1356424111106792
Sr87,"(n,p)",1,0.0022733704378042627
Sr87,"(n,a)",1,0.0006363118318083762
Sr87,"(n,3n)",1,0.0
Sr87,"(n,4n)",1,0.0
Sr88,"(n,gamma)",1,0.00235550939525283
Sr88,"(n,2n)",1,0.09194611325475079
Sr88,"(n,p)",1,0.0013584707298202776
Sr88,"(n,a)",1,0.0001935281524751103
Sr88,"(n,3n)",1,0.0
Sr88,"(n,4n)",1,0.0
Sr89,"(n,gamma)",1,0.0029733917963368117
Sr89,"(n,2n)",1,0.14285008115122713
Sr89,"(n,p)",1,0.0008014192956831983
Sr89,"(n,a)",1,0.0004186999243077958
Sr89,"(n,3n)",1,0.0
Sr89,"(n,4n)",1,0.0
Sr90,"(n,gamma)",1,0.005869812975312791
Sr90,"(n,2n)",1,0.14763527501554563
Sr90,"(n,p)",1,0.000483844965275195
Sr90,"(n,a)",1,0.00016367338018050684
Sr90,"(n,3n)",1,0.0
Sr90,"(n,4n)",1,0.0
Y89,"(n,gamma)",1,0.006687993803347824
Y89,"(n,2n)",1,0.08708639317500225
Y89,"(n,p)",1,0.002571024448648531
Y89,"(n,a)",1,0.0005320893288652448
Y89,"(n,3n)",1,0.0
Y89,"(n,4n)",1,0.0
Y90,"(n,gamma)",1,0.008051292919404221
Y90,"(n,2n)",1,0.138751212422967
Y90,"(n,p)",1,0.003301326830288386
Y90,"(n,a)",1,0.0021790971646585542
Y90,"(n,3n)",1,0.0
Y90,"(n,4n)",1,0.0
Y91,"(n,gamma)",1,0.021263999906967285
Y91,"(n,2n)",1,0.1375080748969606
Y91,"(n,p)",1,0.0010475291852042254
Y91,"(n,a)",1,0.0003215121896546921
Y91,"(n,3n)",1,0.0
Y91,"(n,4n)",1,0.0
Zr90,"(n,gamma)",1,0.006770856108408293
Zr90,"(n,2n)",1,0.062456343586383696
Zr90,"(n,p)",1,0.0038530549168824574
Zr90,"(n,a)",1,0.0012503276984896653
Zr90,"(n,3n)",1,0.0
Zr90,"(n,4n)",1,0.0
Zr91,"(n,gamma)",1,0.013459940161940286
Zr91,"(n,2n)",1,0.13197271800212937
Zr91,"(n,p)",1,0.0033543102906510164
Zr91,"(n,a)",1,0.0008421915243905092
Zr91,"(n,3n)",1,0.0
Zr91,"(n,4n)",1,0.0
Zr92,"(n,gamma)",1,0.01610607997087149
Zr92,"(n,2n)",1,0.13376107255483125
Zr92,"(n,p)",1,0.0019563564932408035
Zr92,"(n,a)",1,0.0007852176665066067
Zr92,"(n,3n)",1,0.0
Zr92,"(n,4n)",1,0.0
Zr93,"(n,gamma)",1,0.020849497213387032
Zr93,"(n,2n)",1,0.13580961683668774
Zr93,"(n,p)",1,0.0010297130132368984
Zr93,"(n,a)",1,0.0005941217350225058
Zr93,"(n,3n)",1,0.0
Zr93,"(n,4n)",1,0.0
Zr94,"(n,gamma)",1,0.013561756222067973
Zr94,"(n,2n)",1,0.1442703744228187
Zr94,"(n,p)",1,0.0005431019812915551
Zr94,"(n,a)",1,0.0004009698654791398
Zr94,"(n,3n)",1,0.0
Zr94,"(n,4n)",1,0.0
Zr95,"(n,gamma)",1,0.0237765370160282
Zr95,"(n,2n)",1,0.15129743811522336
Zr95,"(n,p)",1,0.0003154712912425847
Zr95,"(n,a)",1,0.0002447356877222788
Zr95,"(n,3n)",1,0.0
Zr95,"(n,4n)",1,0.0
Zr96,"(n,gamma)",1,0.0077954749669677135
Zr96,"(n,2n)",1,0.14842352459281355
Zr96,"(n,p)",1,4.520267703556436e-05
Zr96,"(n,a)",1,7.687257048482413e-05
Zr96,"(n,3n)",1,0.0
Zr96,"(n,4n)",1,0.0
Nb93,"(n,gamma)",1,0.045820803909495854
Nb93,"(n,2n)",1,0.14750634434139837
Nb93,"(n,p)",1,0.003734773361653882
Nb93,"(n,a)",1,0.000973389713034531
Nb93,"(n,3n)",1,0.0
Nb93,"(n,4n)",1,0.0
Nb94,"(n,gamma)",1,0.03184111268493515
Nb94,"(n,2n)",1,0.14281178665075442
Nb94,"(n,p)",1,0.002387941278172397
Nb94,"(n,a)",1,0.000697019650253593
Nb94,"(n,3n)",1,0.0
Nb94,"(n,4n)",1,0.0
Nb95,"(n,gamma)",1,0.08685791595570351
Nb95,"(n,2n)",1,0.14360843981075577
Nb95,"(n,p)",1,0.0016412600578550956
Nb95,"(n,a)",1,0.00044705176580388646
Nb95,"(n,3n)",1,0.0
Nb95,"(n,4n)",1,0.0
Mo92,"(n,gamma)",1,0.026604582246950493
Mo92,"(n,2n)",1,0.017034563395693928
Mo92,"(n,p)",1,0.017238305552690278
Mo92,"(n,a)",1,0.0023570668201086595
Mo92,"(n,3n)",1,0.0
Mo92,"(n,4n)",1,0.0
Mo93,"(n,gamma)",1,0.035320139057777755
Mo93,"(n,2n)",1,0.12613110309381959
Mo93,"(n,p)",1,0.008874105908011968
Mo93,"(n,a)",1,0.006719663274448685
Mo93,"(n,3n)",1,0.0
Mo93,"(n,4n)",1,0.0
Mo94,"(n,gamma)",1,0.04166664474165208
Mo94,"(n,2n)",1,0.11988249488553672
Mo94,"(n,p)",1,0.00577048879342707
Mo94,"(n,a)",1,0.002132521086335123
Mo94,"(n,3n)",1,0.0
Mo94,"(n,4n)",1,0.0
Mo95,"(n,gamma)",1,0.07720163670499672
Mo95,"(n,2n)",1,0.1498726367066385
Mo95,"(n,p)",1,0.0038594172674119
Mo95,"(n,a)",1,0.001569499463184426
Mo95,"(n,3n)",1,0.0
Mo95,"(n,4n)",1,0.0
Mo96,"(n,gamma)",1,0.038443947537247045
Mo96,"(n,2n)",1,0.13987946063987491
Mo96,"(n,p)",1,0.002228417456028106
Mo96,"(n,a)",1,0.001061328892203456
Mo96,"(n,3n)",1,0.0
Mo96,"(n,4n)",1,0.0
Mo97,"(n,gamma)",1,0.07493184395288666
Mo97,"(n,2n)",1,0.15404487459525984
Mo97,"(n,p)",1,0.0016060598446814836
Mo97,"(n,a)",1,0.0007654756113722281
Mo97,"(n,3n)",1,0.0
Mo97,"(n,4n)",1,0.0
Mo98,"(n,gamma)",1,0.03643756810258278
Mo98,"(n,2n)",1,0.14477264435229417
Mo98,"(n,p)",1,0.0005226859984628025
Mo98,"(n,a)",1,0.0005497221596477824
Mo98,"(n,3n)",1,0.0
Mo98,"(n,4n)",1,0.0
Mo99,"(n,gamma)",1,0.05903730198776349
Mo99,"(n,2n)",1,0.15589176425080045
Mo99,"(n,p)",1,0.0007344128701346487
Mo99,"(n,a)",1,0.00021192656536666587
Mo99,"(n,3n)",1,0.0
Mo99,"(n,4n)",1,0.0
Mo100,"(n,gamma)",1,0.019420874659557337
Mo100,"(n,2n)",1,0.16227929745226496
Mo100,"(n,p)",1,0.0001777642533940253
Mo100,"(n,a)",1,0.0002327936898776668
Mo100,"(n,3n)",1,0.0
Mo100,"(n,4n)",1,0.0
Tc98,"(n,gamma)",1,0.10951901750096023
Tc98,"(n,2n)",1,0.15507448237255078
Tc98,"(n,p)",1,0.005310251738292269
Tc98,"(n,a)",1,0.00209880277982648
Tc98,"(n,3n)",1,0.0
Tc98,"(n,4n)",1,0.0
Tc99,"(n,gamma)",1,0.16088079296577754
Tc99,"(n,2n)",1,0.15202048005124183
Tc99,"(n,p)",1,0.0012625801611275535
Tc99,"(n,a)",1,0.0005656946090991311
Tc99,"(n,3n)",1,0.0
Tc99,"(n,4n)",1,0.0
Ru96,"(n,gamma)",1,0.09668122278216534
Ru96,"(n,2n)",1,0.08188899633954422
Ru96,"(n,p)",1,0.017759343949840578
Ru96,"(n,a)",1,0.006378844540580265
Ru96,"(n,3n)",1,0.0
Ru96,"(n,4n)",1,0.0
Ru97,"(n,gamma)",1,0.05901255399570381
Ru97,"(n,2n)",1,0.13639750371696496
Ru97,"(n,p)",1,0.013884959277717946
Ru97,"(n,a)",1,0.005613705989058437
Ru97,"(n,3n)",1,0.0
Ru97,"(n,4n)",1,0.0
Ru98,"(n,gamma)",1,0.08245127677625119
Ru98,"(n,2n)",1,0.10944426561337024
Ru98,"(n,p)",1,0.008122527609387956
Ru98,"(n,a)",1,0.0021743364558338297
Ru98,"(n,3n)",1,0.0
Ru98,"(n,4n)",1,0.0
Ru99,"(n,gamma)",1,0.1114048138050626
Ru99,"(n,2n)",1,0.15394764715629697
Ru99,"(n,p)",1,0.005102317518658735
Ru99,"(n,a)",1,0.0016005453492693388
Ru99,"(n,3n)",1,0.0
Ru99,"(n,4n)",1,0.0
Ru100,"(n,gamma)",1,0.06320132397459385
Ru100,"(n,2n)",1,0.15904731190059726
Ru100,"(n,p)",1,0.0014901695748620342
Ru100,"(n,a)",1,0.0009260647510195766
Ru100,"(n,3n)",1,0.0
Ru100,"(n,4n)",1,0.0
Ru101,"(n,gamma)",1,0.13785765972091132
Ru101,"(n,2n)",1,0.15795395685526425
Ru101,"(n,p)",1,0.0023543195090261395
Ru101,"(n,a)",1,0.0006224550822268934
Ru101,"(n,3n)",1,0.0
Ru101,"(n,4n)",1,0.0
Ru102,"(n,gamma)",1,0.05895189797845559
Ru102,"(n,2n)",1,0.1450292315657217
Ru102,"(n,p)",1,0.0005579755328696083
Ru102,"(n,a)",1,0.0005968156431385882
Ru102,"(n,3n)",1,0.0
Ru102,"(n,4n)",1,0.0
Ru103,"(n,gamma)",1,0.05831261019102236
Ru103,"(n,2n)",1,0.19016333709638653
Ru103,"(n,p)",1,0.0010134812923967452
Ru103,"(n,a)",1,0.0004577324112810816
Ru103,"(n,3n)",1,0.0
Ru103,"(n,4n)",1,0.0
Ru104,"(n,gamma)",1,0.039801207564944485
Ru104,"(n,2n)",1,0.16589374424686057
Ru104,"(n,p)",1,0.000575871260342349
Ru104,"(n,a)",1,0.00020913190467612786
Ru104,"(n,3n)",1,0.0
Ru104,"(n,4n)",1,0.0
Ru105,"(n,gamma)",1,0.028335897807429372
Ru105,"(n,2n)",1,0.19122880607173307
Ru105,"(n,p)",1,0.0009989948220925713
Ru105,"(n,a)",1,0.0004292144820421982
Ru105,"(n,3n)",1,0.0
Ru105,"(n,4n)",1,0.0
Ru106,"(n,gamma)",1,0.020298688921419807
Ru106,"(n,2n)",1,0.17249262176646216
Ru106,"(n,p)",1,0.0003173109652183706
Ru106,"(n,a)",1,6.490869035773712e-05
Ru106,"(n,3n)",1,0.0
Ru106,"(n,4n)",1,0.0
Rh103,"(n,gamma)",1,0.13384436723152196
Rh103,"(n,2n)",1,0.1438274979402773
Rh103,"(n,p)",1,0.002263783988268135
Rh103,"(n,a)",1,0.001074286219508008
Rh103,"(n,3n)",1,0.0
Rh103,"(n,4n)",1,0.0
Rh104,"(n,gamma)",1,0.09063412218622893
Rh104,"(n,2n)",1,0.18202452165567512
Rh104,"(n,p)",1,0.002025484686782064
Rh104,"(n,a)",1,0.0011529156356962732
Rh104,"(n,3n)",1,0.0
Rh104,"(n,4n)",1,0.0
Rh105,"(n,gamma)",1,0.14514376234891568
Rh105,"(n,2n)",1,0.16031151460404264
Rh105,"(n,p)",1,0.0013593557306128615
Rh105,"(n,a)",1,0.000300525553974735
Rh105,"(n,3n)",1,0.0
Rh105,"(n,4n)",1,0.0
Pd102,"(n,gamma)",1,0.1513689462725651
Pd102,"(n,2n)",1,0.09312298633775119
Pd102,"(n,p)",1,0.032751539280458965
Pd102,"(n,a)",1,0.0020965976008885546
Pd102,"(n,3n)",1,0.0
Pd102,"(n,4n)",1,0.0
Pd103,"(n,gamma)",1,0.1202101320637438
Pd103,"(n,2n)",1,0.1506848190221271
Pd103,"(n,p)",1,0.008713507274172652
Pd103,"(n,a)",1,0.0047669230362858556
Pd103,"(n,3n)",1,0.0
Pd103,"(n,4n)",1,0.0
Pd104,"(n,gamma)",1,0.0815841737254806
Pd104,"(n,2n)",1,0.13922111211955
Pd104,"(n,p)",1,0.0034454807799879817
Pd104,"(n,a)",1,0.0007565377416531956
Pd104,"(n,3n)",1,0.0
Pd104,"(n,4n)",1,0.0
Pd105,"(n,gamma)",1,0.21599359261212359
Pd105,"(n,2n)",1,0.15898143115792546
Pd105,"(n,p)",1,0.003853566758656962
Pd105,"(n,a)",1,0.0010509762552937067
Pd105,"(n,3n)",1,0.0
Pd105,"(n,4n)",1,0.0
Pd106,"(n,gamma)",1,0.07525231857049489
Pd106,"(n,2n)",1,0.16124509777095042
Pd106,"(n,p)",1,0.0027417741836666273
Pd106,"(n,a)",1,0.0002097825787034423
Pd106,"(n,3n)",1,0.0
Pd106,"(n,4n)",1,0.0
Pd107,"(n,gamma)",1,0.22574524338290744
Pd107,"(n,2n)",1,0.17729071710703684
Pd107,"(n,p)",1,0.0014918268133892354
Pd107,"(n,a)",1,0.0003389679625904538
Pd107,"(n,3n)",1,0.0
Pd107,"(n,4n)",1,0.0
Pd108,"(n,gamma)",1,0.06018386826185021
Pd108,"(n,2n)",1,0.17027542907301094
Pd108,"(n,p)",1,0.0014071962428233336
Pd108,"(n,a)",1,8.2004557241709e-05
Pd108,"(n,3n)",1,0.0
Pd108,"(n,4n)",1,0.0
Pd109,"(n,gamma)",1,0.11033054125017086
Pd109,"(n,2n)",1,0.19791958943332932
Pd109,"(n,p)",1,0.0004409903944840693
Pd109,"(n,a)",1,0.00021362297182288698
Pd109,"(n,3n)",1,0.0
Pd109,"(n,4n)",1,0.0
Pd110,"(n,gamma)",1,0.03484068007057777
Pd110,"(n,2n)",1,0.16986234943484896
Pd110,"(n,p)",1,0.0005760471993590774
Pd110,"(n,a)",1,2.49318441764622e-05
Pd110,"(n,3n)",1,0.0
Pd110,"(n,4n)",1,0.0
Ag107,"(n,gamma)",1,0.16743417609335856
Ag107,"(n,2n)",1,0.14590660183422832
Ag107,"(n,p)",1,0.0017357241555360082
Ag107,"(n,a)",1,0.0004592485922442454
Ag107,"(n,3n)",1,0.0
Ag107,"(n,4n)",1,0.0
Ag108,"(n,gamma)",1,0.15725133113924764
Ag108,"(n,2n)",1,0.17716037275482624
Ag108,"(n,p)",1,0.003309199061638526
Ag108,"(n,a)",1,6.2983315290458895e-06
Ag108,"(n,3n)",1,0.0
Ag108,"(n,4n)",1,0.0
Ag109,"(n,gamma)",1,0.1486783043575518
Ag109,"(n,2n)",1,0.1494105400946231
Ag109,"(n,p)",1,0.001589533085988763
Ag109,"(n,a)",1,0.00047376606674409574
Ag109,"(n,3n)",1,0.0
Ag109,"(n,4n)",1,0.0
Ag111,"(n,gamma)",1,0.04367141386682876
Ag111,"(n,2n)",1,0.16885977448359035
Ag111,"(n,p)",1,0.0011854207462618823
Ag111,"(n,a)",1,0.0002973249242083817
Ag111,"(n,3n)",1,0.0
Ag111,"(n,4n)",1,0.0
Ag112,"(n,gamma)",1,0.19054143886742247
Ag112,"(n,2n)",1,0.2004082525292125
Ag112,"(n,p)",1,0.0007435753791843048
Ag112,"(n,a)",1,0.0003018051538418962
Ag112,"(n,3n)",1,0.0
Ag112,"(n,4n)",1,0.0
Ag113,"(n,gamma)",1,0.11035947298351902
Ag113,"(n,2n)",1,0.18458001401638374
Ag113,"(n,p)",1,0.00027339691534407774
Ag113,"(n,a)",1,0.00014035701841001844
Ag113,"(n,3n)",1,0.0
Ag113,"(n,4n)",1,0.0
Ag114,"(n,gamma)",1,0.10237610534841471
Ag114,"(n,2n)",1,0.20300517793606745
Ag114,"(n,p)",1,0.0003671460230639445
Ag114,"(n,a)",1,0.00013991760259631682
Ag114,"(n,3n)",1,0.0
Ag114,"(n,4n)",1,0.0
Ag115,"(n,gamma)",1,0.04431025267287253
Ag115,"(n,2n)",1,0.1902294844750906
Ag115,"(n,p)",1,9.522252100386603e-05
Ag115,"(n,a)",1,7.082145659190532e-05
Ag115,"(n,3n)",1,0.0
Ag115,"(n,4n)",1,0.0
Ag116,"(n,gamma)",1,0.08378854694125766
Ag116,"(n,2n)",1,0.21081042454897195
Ag116,"(n,p)",1,0.00015665831373985878
Ag116,"(n,a)",1,5.210196387810227e-05
Ag116,"(n,3n)",1,0.0
Ag116,"(n,4n)",1,0.0
Ag117,"(n,gamma)",1,0.056078198633502656
Ag117,"(n,2n)",1,0.19262762577985723
Ag117,"(n,p)",1,3.088268909212403e-05
Ag117,"(n,a)",1,4.951367231755531e-05
Ag117,"(n,3n)",1,0.0
Ag117,"(n,4n)",1,0.0
Cd106,"(n,gamma)",1,0.1338920818911883
Cd106,"(n,2n)",1,0.08772090239909466
Cd106,"(n,p)",1,0.009846124738110982
Cd106,"(n,a)",1,0.012593873351770177
Cd106,"(n,3n)",1,0.0
Cd106,"(n,4n)",1,0.0
Cd107,"(n,gamma)",1,0.1660811668966897
Cd107,"(n,2n)",1,0.13128061225985943
Cd107,"(n,p)",1,0.014618493243365291
Cd107,"(n,a)",1,0.007071888399185409
Cd107,"(n,3n)",1,0.0
Cd107,"(n,4n)",1,0.0
Cd108,"(n,gamma)",1,0.1460330273263496
Cd108,"(n,2n)",1,0.10333843933597953
Cd108,"(n,p)",1,0.003823787040049844
Cd108,"(n,a)",1,0.0007485480634473194
Cd108,"(n,3n)",1,0.0
Cd108,"(n,4n)",1,0.0
Cd109,"(n,gamma)",1,0.18817866465432584
Cd109,"(n,2n)",1,0.15994999053295353
Cd109,"(n,p)",1,0.0034931253611244
Cd109,"(n,a)",1,0.001204344069026177
Cd109,"(n,3n)",1,0.0
Cd109,"(n,4n)",1,0.0
Cd110,"(n,gamma)",1,0.0938462941285522
Cd110,"(n,2n)",1,0.1400879329872364
Cd110,"(n,p)",1,0.0017510981395851637
Cd110,"(n,a)",1,0.00029311708473744093
Cd110,"(n,3n)",1,0.0
Cd110,"(n,4n)",1,0.0
Cd111,"(n,gamma)",1,0.17671541113239878
Cd111,"(n,2n)",1,0.17192360909487484
Cd111,"(n,p)",1,0.004779485664993637
Cd111,"(n,a)",1,0.0004252826138667722
Cd111,"(n,3n)",1,0.0
Cd111,"(n,4n)",1,0.0
Cd112,"(n,gamma)",1,0.0918553814653016
Cd112,"(n,2n)",1,0.15311875976890868
Cd112,"(n,p)",1,0.001419366645108892
Cd112,"(n,a)",1,0.0001222586363227161
Cd112,"(n,3n)",1,0.0
Cd112,"(n,4n)",1,0.0
Cd113,"(n,gamma)",1,0.12767114847724892
Cd113,"(n,2n)",1,0.16967407050867858
Cd113,"(n,p)",1,0.0008616963681832168
Cd113,"(n,a)",1,0.00024234556036066608
Cd113,"(n,3n)",1,0.0
Cd113,"(n,4n)",1,0.0
Cd114,"(n,gamma)",1,0.04571191302496069
Cd114,"(n,2n)",1,0.1638431657549385
Cd114,"(n,p)",1,0.00031537774545990565
Cd114,"(n,a)",1,4.0471647166701e-05
Cd114,"(n,3n)",1,0.0
Cd114,"(n,4n)",1,0.0
Cd115_m1,"(n,gamma)",1,0.08215422953978668
Cd115_m1,"(n,2n)",1,0.1959291590606021
Cd115_m1,"(n,p)",1,0.0004468452255917499
Cd115_m1,"(n,a)",1,0.0002499402941190744
Cd115_m1,"(n,3n)",1,0.0
Cd115_m1,"(n,4n)",1,0.0
Cd116,"(n,gamma)",1,0.028124994099221562
Cd116,"(n,2n)",1,0.17077450612906409
Cd116,"(n,p)",1,0.00016271404083779167
Cd116,"(n,a)",1,1.4799037945764503e-05
Cd116,"(n,3n)",1,0.0
Cd116,"(n,4n)",1,0.0
In113,"(n,gamma)",1,0.2578407654033564
In113,"(n,2n)",1,0.1643650356841006
In113,"(n,p)",1,0.002456338508405146
In113,"(n,a)",1,0.00046659025021218947
In113,"(n,3n)",1,0.0
In113,"(n,4n)",1,0.0
In114,"(n,gamma)",1,0.19077792148947118
In114,"(n,2n)",1,0.17662544556738183
In114,"(n,p)",1,0.0030506754411287144
In114,"(n,a)",1,0.0013666981851857716
In114,"(n,3n)",1,0.0
In114,"(n,4n)",1,0.0
In115,"(n,gamma)",1,0.20847844557123604
In115,"(n,2n)",1,0.15746859386952597
In115,"(n,p)",1,0.0007871908796232237
In115,"(n,a)",1,0.0002191594024211025
In115,"(n,3n)",1,0.0
In115,"(n,4n)",1,0.0
Sn112,"(n,gamma)",1,0.08857398240213206
Sn112,"(n,2n)",1,0.11956187832596077
Sn112,"(n,p)",1,0.0035710182428544987
Sn112,"(n,a)",1,0.001475767177555978
Sn112,"(n,3n)",1,0.0
Sn112,"(n,4n)",1,0.0
Sn113,"(n,gamma)",1,0.17207847855195113
Sn113,"(n,2n)",1,0.12853512965742508
Sn113,"(n,p)",1,0.008540694825788845
Sn113,"(n,a)",1,0.004559525310440381
Sn113,"(n,3n)",1,0.0
Sn113,"(n,4n)",1,0.0
Sn114,"(n,gamma)",1,0.07181139934252194
Sn114,"(n,2n)",1,0.13001276009961232
Sn114,"(n,p)",1,0.00382089593283076
Sn114,"(n,a)",1,0.0007218749309385331
Sn114,"(n,3n)",1,0.0
Sn114,"(n,4n)",1,0.0
Sn115,"(n,gamma)",1,0.11186431001180167
Sn115,"(n,2n)",1,0.15914637052750283
Sn115,"(n,p)",1,0.0027025044770706786
Sn115,"(n,a)",1,0.0005226875517395297
Sn115,"(n,3n)",1,0.0
Sn115,"(n,4n)",1,0.0
Sn116,"(n,gamma)",1,0.048634690286342146
Sn116,"(n,2n)",1,0.14997378928565347
Sn116,"(n,p)",1,0.0018572699811722942
Sn116,"(n,a)",1,0.00035112807932497517
Sn116,"(n,3n)",1,0.0
Sn116,"(n,4n)",1,0.0
Sn117,"(n,gamma)",1,0.0693817005367693
Sn117,"(n,2n)",1,0.17133047899889015
Sn117,"(n,p)",1,0.0012927954163774354
Sn117,"(n,a)",1,0.0002530262575615699
Sn117,"(n,3n)",1,0.0
Sn117,"(n,4n)",1,0.0
Sn118,"(n,gamma)",1,0.030259675262901933
Sn118,"(n,2n)",1,0.15109082711349642
Sn118,"(n,p)",1,0.0006117802952618043
Sn118,"(n,a)",1,7.490489502143766e-05
Sn118,"(n,3n)",1,0.0
Sn118,"(n,4n)",1,0.0
Sn119,"(n,gamma)",1,0.044208154372040065
Sn119,"(n,2n)",1,0.17302001511100537
Sn119,"(n,p)",1,0.0004884519124458864
Sn119,"(n,a)",1,0.00011887445412986273
Sn119,"(n,3n)",1,0.0
Sn119,"(n,4n)",1,0.0
Sn120,"(n,gamma)",1,0.008928831476797749
Sn120,"(n,2n)",1,0.1858238601044108
Sn120,"(n,p)",1,0.0003449468118932664
Sn120,"(n,a)",1,3.0171823559228842e-05
Sn120,"(n,3n)",1,0.0
Sn120,"(n,4n)",1,0.0
Sn121_m1,"(n,gamma)",1,0.08207228420788604
Sn121_m1,"(n,2n)",1,0.1864713191581542
Sn121_m1,"(n,p)",1,0.0002408670934406211
Sn121_m1,"(n,a)",1,1.4087195929044726e-07
Sn121_m1,"(n,3n)",1,0.0
Sn121_m1,"(n,4n)",1,0.0
Sn122,"(n,gamma)",1,0.01341000126466633
Sn122,"(n,2n)",1,0.16724194180295673
Sn122,"(n,p)",1,8.184884744678871e-05
Sn122,"(n,a)",1,5.457986559244708e-06
Sn122,"(n,3n)",1,0.0
Sn122,"(n,4n)",1,0.0
Sn123,"(n,gamma)",1,0.07966163220726603
Sn123,"(n,2n)",1,0.1784023910809818
Sn123,"(n,p)",1,0.0001762734675576328
Sn123,"(n,a)",1,5.92688535216367e-06
Sn123,"(n,3n)",1,0.0
Sn123,"(n,4n)",1,0.0
Sn124,"(n,gamma)",1,0.005490014338018529
Sn124,"(n,2n)",1,0.16559551247835444
Sn124,"(n,p)",1,0.00011273730339210266
Sn124,"(n,a)",1,5.624119565159251e-07
Sn124,"(n,3n)",1,0.0
Sn124,"(n,4n)",1,0.0
Sn125,"(n,gamma)",1,0.029617810967924815
Sn125,"(n,2n)",1,0.1832310114852398
Sn125,"(n,p)",1,5.071775306833161e-05
Sn125,"(n,a)",1,1.0478964093365365e-06
Sn125,"(n,3n)",1,0.0
Sn125,"(n,4n)",1,0.0
Sn126,"(n,gamma)",1,0.004709027287411708
Sn126,"(n,2n)",1,0.1669980134914183
Sn126,"(n,p)",1,6.065681755070036e-06
Sn126,"(n,a)",1,2.291103480076145e-08
Sn126,"(n,3n)",1,0.00016906233443591095
Sn126,"(n,4n)",1,0.0
Sb121,"(n,gamma)",1,0.13193879499250458
Sb121,"(n,2n)",1,0.16431172367345834
Sb121,"(n,p)",1,0.0015927862492148208
Sb121,"(n,a)",1,0.00020268905086970193
Sb121,"(n,3n)",1,0.0
Sb121,"(n,4n)",1,0.0
Sb122,"(n,gamma)",1,0.09637653253121528
Sb122,"(n,2n)",1,0.19072087692715614
Sb122,"(n,p)",1,0.001404121900653585
Sb122,"(n,a)",1,0.0003475317082828897
Sb122,"(n,3n)",1,0.0
Sb122,"(n,4n)",1,0.0
Sb123,"(n,gamma)",1,0.08936826070770827
Sb123,"(n,2n)",1,0.15448417483992355
Sb123,"(n,p)",1,0.0013827905305152596
Sb123,"(n,a)",1,0.00010607417270836973
Sb123,"(n,3n)",1,0.0
Sb123,"(n,4n)",1,0.0
Sb124,"(n,gamma)",1,0.1517347817847219
Sb124,"(n,2n)",1,0.16876389185893154
Sb124,"(n,p)",1,0.0003450086193402582
Sb124,"(n,a)",1,0.00016543299212405936
Sb124,"(n,3n)",1,0.0
Sb124,"(n,4n)",1,0.0
Sb125,"(n,gamma)",1,0.13360676797963095
Sb125,"(n,2n)",1,0.15923462570006275
Sb125,"(n,p)",1,0.0002399249788599019
Sb125,"(n,a)",1,0.00011568936787218556
Sb125,"(n,3n)",1,0.0
Sb125,"(n,4n)",1,0.0
Sb126,"(n,gamma)",1,0.10393285681144793
Sb126,"(n,2n)",1,0.16933386963969382
Sb126,"(n,p)",1,0.0011688133988662988
Sb126,"(n,a)",1,7.358091702642829e-05
Sb126,"(n,3n)",1,0.0
Sb126,"(n,4n)",1,0.0
Te122,"(n,gamma)",1,0.10529602087157719
Te122,"(n,2n)",1,0.13459675562474996
Te122,"(n,p)",1,0.0010260548175822705
Te122,"(n,a)",1,0.0006817294316476523
Te122,"(n,3n)",1,0.0
Te122,"(n,4n)",1,0.0
Te123,"(n,gamma)",1,0.1939587812721827
Te123,"(n,2n)",1,0.14444292857214838
Te123,"(n,p)",1,0.0010130358251498833
Te123,"(n,a)",1,0.000517854086901167
Te123,"(n,3n)",1,0.0
Te123,"(n,4n)",1,0.0
Te124,"(n,gamma)",1,0.058149007318371644
Te124,"(n,2n)",1,0.1452349609255672
Te124,"(n,p)",1,0.0008271973598244604
Te124,"(n,a)",1,0.00034819319465932604
Te124,"(n,3n)",1,0.0
Te124,"(n,4n)",1,0.0
Te125,"(n,gamma)",1,0.08256167334695974
Te125,"(n,2n)",1,0.146028042856329
Te125,"(n,p)",1,0.0005311755707848312
Te125,"(n,a)",1,0.0002634519643464052
Te125,"(n,3n)",1,0.0
Te125,"(n,4n)",1,0.0
Te126,"(n,gamma)",1,0.03486011405050847
Te126,"(n,2n)",1,0.15026335041496972
Te126,"(n,p)",1,0.00043941451952320625
Te126,"(n,a)",1,0.0001983104515089973
Te126,"(n,3n)",1,0.0
Te126,"(n,4n)",1,0.0
Os191,"(n,gamma)",1,0.24013044616739787
Os191,"(n,2n)",1,0.2331809427322474
Os191,"(n,p)",1,0.00026508880185881006
Os191,"(n,a)",1,1.5520943634928176e-05
Os191,"(n,3n)",1,0.0032579961936011034
Os191,"(n,4n)",1,0.0
Os192,"(n,gamma)",1,0.05767688833125693
Os192,"(n,2n)",1,0.23207571986875142
Os192,"(n,p)",1,8.102924534986223e-05
Os192,"(n,a)",1,9.648365694579517e-06
Os192,"(n,3n)",1,0.0017639976263867623
Os192,"(n,4n)",1,0.0
Pt191,"(n,gamma)",1,0.3841689991433879
Pt191,"(n,2n)",1,0.21509332984753768
Pt191,"(n,p)",1,0.001076895208891536
Pt191,"(n,a)",1,0.0002077460411486488
Pt191,"(n,3n)",1,0.0
Pt191,"(n,4n)",1,0.0
Pt192,"(n,gamma)",1,0.2671627852371297
Pt192,"(n,2n)",1,0.20305778221114917
Pt192,"(n,p)",1,0.0003771286327670572
Pt192,"(n,a)",1,9.50225906288444e-05
Pt192,"(n,3n)",1,0.0
Pt192,"(n,4n)",1,0.0
Pt193,"(n,gamma)",1,0.14845853599153427
Pt193,"(n,2n)",1,0.21633571061380397
Pt193,"(n,p)",1,0.0006904120243095386
Pt193,"(n,a)",1,7.313637611378055e-05
Pt193,"(n,3n)",1,0.0
Pt193,"(n,4n)",1,0.0
Pt194,"(n,gamma)",1,0.1081509759478622
Pt194,"(n,2n)",1,0.22766230392735343
Pt194,"(n,p)",1,0.00028610107164410203
Pt194,"(n,a)",1,8.580954223150184e-05
Pt194,"(n,3n)",1,0.0
Pt194,"(n,4n)",1,0.0
Pt195,"(n,gamma)",1,0.1335959995116086
Pt195,"(n,2n)",1,0.22162267919245646
Pt195,"(n,p)",1,0.0004892750204867802
Pt195,"(n,a)",1,7.272978850704804e-05
Pt195,"(n,3n)",1,0.0
Pt195,"(n,4n)",1,0.0
Pt196,"(n,gamma)",1,0.06510655894548624
Pt196,"(n,2n)",1,0.22409181483864093
Pt196,"(n,p)",1,7.610964694406605e-05
Pt196,"(n,a)",1,2.2566743448624657e-05
Pt196,"(n,3n)",1,2.4653054753428102e-05
Pt196,"(n,4n)",1,0.0
Pt197,"(n,gamma)",1,0.03864359398741678
Pt197,"(n,2n)",1,0.23049929802691818
Pt197,"(n,p)",1,0.00020237618295395002
Pt197,"(n,a)",1,8.185111752081085e-06
Pt197,"(n,3n)",1,0.0008347598017108889
Pt197,"(n,4n)",1,0.0
Pt198,"(n,gamma)",1,0.029884090577698322
Pt198,"(n,2n)",1,0.22832152988519586
Pt198,"(n,p)",1,5.136114970372773e-05
Pt198,"(n,a)",1,4.0210951339535824e-06
Pt198,"(n,3n)",1,0.0008160837092781426
Pt198,"(n,4n)",1,0.0
Au197,"(n,gamma)",1,0.12364188946610474
Au197,"(n,2n)",1,0.23102038260598723
Au197,"(n,p)",1,0.0001988475622868131
Au197,"(n,a)",1,2.9841530361005714e-05
Au197,"(n,3n)",1,0.0
Au197,"(n,4n)",1,0.0
Hg196,"(n,gamma)",1,0.007836658993081908
Hg196,"(n,2n)",1,0.21126262206468507
Hg196,"(n,p)",1,0.0006709250683501636
Hg196,"(n,a)",1,6.452621093393701e-05
Hg196,"(n,3n)",1,0.0
Hg196,"(n,4n)",1,0.0
Hg197,"(n,gamma)",1,0.26830349822826877
Hg197,"(n,2n)",1,0.2420647275045175
Hg197,"(n,p)",1,0.0003283326309041407
Hg197,"(n,a)",1,8.762573450110476e-05
Hg197,"(n,3n)",1,0.0
Hg197,"(n,4n)",1,0.0
Hg198,"(n,gamma)",1,0.0436483017075154
Hg198,"(n,2n)",1,0.22331701391746436
Hg198,"(n,p)",1,0.0004665587149502904
Hg198,"(n,a)",1,2.6513734878641167e-05
Hg198,"(n,3n)",1,0.0
Hg198,"(n,4n)",1,0.0
Hg199,"(n,gamma)",1,0.05745022406540442
Hg199,"(n,2n)",1,0.23902414779029943
Hg199,"(n,p)",1,0.00040465777059980944
Hg199,"(n,a)",1,5.247384201403702e-05
Hg199,"(n,3n)",1,0.0
Hg199,"(n,4n)",1,0.0
Hg200,"(n,gamma)",1,0.03159186915496926
Hg200,"(n,2n)",1,0.23391868115897302
Hg200,"(n,p)",1,0.0002458187334880126
Hg200,"(n,a)",1,1.0288417141445211e-05
Hg200,"(n,3n)",1,0.0
Hg200,"(n,4n)",1,0.0
Hg201,"(n,gamma)",1,0.03290996884897265
Hg201,"(n,2n)",1,0.24797725397275966
Hg201,"(n,p)",1,0.0001934061374109106
Hg201,"(n,a)",1,2.526036785435159e-05
Hg201,"(n,3n)",1,3.3100893998671187e-06
Hg201,"(n,4n)",1,0.0
Hg202,"(n,gamma)",1,0.024550980331696868
Hg202,"(n,2n)",1,0.23512182011586003
Hg202,"(n,p)",1,0.0001065529533147311
Hg202,"(n,a)",1,5.4400826251233074e-06
Hg202,"(n,3n)",1,0.0007822849959622619
Hg202,"(n,4n)",1,0.0
Hg203,"(n,gamma)",1,0.07148585066347697
Hg203,"(n,2n)",1,0.23870207458934695
Hg203,"(n,p)",1,0.00018324320990501414
Hg203,"(n,a)",1,2.4310766736712947e-06
Hg203,"(n,3n)",1,0.00030239862751959006
Hg203,"(n,4n)",1,0.0
Hg204,"(n,gamma)",1,0.01282573727320116
Hg204,"(n,2n)",1,0.23153805596077162
Hg204,"(n,p)",1,3.638355515888349e-05
Hg204,"(n,a)",1,9.789484343599731e-07
Hg204,"(n,3n)",1,0.0018054578132789367
Hg204,"(n,4n)",1,0.0
Tl203,"(n,gamma)",1,0.04148415677679159
Tl203,"(n,2n)",1,0.21724201433767834
Tl203,"(n,p)",1,0.0
Tl203,"(n,a)",1,0.0
Tl203,"(n,3n)",1,0.0
Tl203,"(n,4n)",1,0.0
Tl204,"(n,gamma)",1,0.07377123888575257
Tl204,"(n,2n)",1,0.23471197616599257
Tl204,"(n,p)",1,0.0007683131090595198
Tl204,"(n,a)",1,1.2156327268163392e-05
Tl204,"(n,3n)",1,0.0
Tl204,"(n,4n)",1,0.0
Tl205,"(n,gamma)",1,0.006601101180673678
Tl205,"(n,2n)",1,0.2156475652855033
Tl205,"(n,p)",1,0.0
Tl205,"(n,a)",1,0.0
Tl205,"(n,3n)",1,1.5994493841128092e-06
Tl205,"(n,4n)",1,0.0
Pb204,"(n,gamma)",1,0.01726789424861931
Pb204,"(n,2n)",1,0.23781939151314369
Pb204,"(n,p)",1,0.0005806029701803948
Pb204,"(n,a)",1,9.780994501065171e-05
Pb204,"(n,3n)",1,0.0
Pb204,"(n,4n)",1,0.0
Pb205,"(n,gamma)",1,0.04754551577526786
Pb205,"(n,2n)",1,0.2372578658998907
Pb205,"(n,p)",1,0.0006013572019235733
Pb205,"(n,a)",1,2.3746127769591517e-05
Pb205,"(n,3n)",1,0.0
Pb205,"(n,4n)",1,0.0
Pb206,"(n,gamma)",1,0.001405006107457435
Pb206,"(n,2n)",1,0.23950602719047373
Pb206,"(n,p)",1,0.0004257545720758357
Pb206,"(n,a)",1,3.5127270701946256e-05
Pb206,"(n,3n)",1,0.0
Pb206,"(n,4n)",1,0.0
Pb207,"(n,gamma)",1,0.0019295754503189265
Pb207,"(n,2n)",1,0.23991504052686258
Pb207,"(n,p)",1,0.0003558464312605692
Pb207,"(n,a)",1,5.929396969060176e-05
Pb207,"(n,3n)",1,0.0
Pb207,"(n,4n)",1,0.0
Pb208,"(n,gamma)",1,0.0005565668382415855
Pb208,"(n,2n)",1,0.24184671620201176
Pb208,"(n,p)",1,2.942092074679338e-05
Pb208,"(n,a)",1,6.552846745857567e-05
Pb208,"(n,3n)",1,1.0525561684968402e-06
Pb208,"(n,4n)",1,0.0
Bi209,"(n,gamma)",1,0.0027568322924614226
Bi209,"(n,2n)",1,0.23336699583187326
Bi209,"(n,p)",1,0.00010165795697508679
Bi209,"(n,a)",1,8.055140756561352e-05
Bi209,"(n,3n)",1,0.0
Bi209,"(n,4n)",1,0.0
Po210,"(n,gamma)",1,0.002041292824995097
Po210,"(n,2n)",1,0.24210041595915388
Po210,"(n,p)",1,0.00042651715340273616
Po210,"(n,a)",1,0.00044644218535431834
Po210,"(n,3n)",1,0.0
Po210,"(n,4n)",1,0.0
